DROP SCHEMA public CASCADE;
CREATE SCHEMA public;
/*************************************WARNING************************************************************/

/************************************CREACIN DE TABLAS***************************************************/

CREATE TABLE proveedor(
	nombre TEXT PRIMARY KEY
);

CREATE TABLE producto(
	codigo TEXT PRIMARY KEY,
	nombre_proveedor TEXT REFERENCES proveedor(nombre),
	nombre TEXT NOT NULL,	
	descripci贸n TEXT NOT NULL,
	precio INT NOT NULL,
	stock_actual INT NOT NULL,
	stock_recomendado INT NOT NULL,
	stock_bajo INT NOT NULL,
	favorito BOOLEAN NOT NULL
);

CREATE TABLE usuario(
	rut TEXT PRIMARY KEY,
	nombre TEXT NOT NULL,
	contrase帽a TEXT NOT NULL
);

CREATE TABLE categoria(
	nombre TEXT PRIMARY KEY
);



CREATE TABLE lote(
	codigo TEXT PRIMARY KEY,
	nombre_proveedor TEXT REFERENCES proveedor(nombre),
	fecha_pedido DATE NOT NULL,
	fecha_llegada DATE NOT NULL
);


CREATE TABLE corresponde(
	codigo_producto TEXT NOT NULL REFERENCES producto(codigo),
	nombre_categoria TEXT NOT NULL REFERENCES categoria(nombre),
	PRIMARY KEY (codigo_producto, nombre_categoria)
);


CREATE TABLE contiene(
	unidades int NOT NULL,
	codigo_lote TEXT NOT NULL REFERENCES lote(codigo),
	codigo_producto TEXT NOT NULL REFERENCES producto(codigo),
	PRIMARY KEY (codigo_lote, codigo_producto)
);

/************************************POBLADO DE TABLAS****************************************************/

INSERT INTO proveedor (nombre)
VALUES ('Proveedor A'), ('Proveedor B'), ('Proveedor C'), ('Proveedor D'), ('Proveedor E');

INSERT INTO categoria (nombre)
VALUES ('Accesorios'), ('Ropa'), ('Peluches'), ('Papeler铆a'), ('Vasos'), ('Joyer铆a'), ('Regalos'), ('Libros');

INSERT INTO usuario (rut, nombre, contrase帽a)
VALUES 
   ('12345678-9', 'Usuario1', 'contrase帽a1'),
   ('98765432-1', 'Usuario2', 'contrase帽a2'),
   ('56789012-3', 'Usuario3', 'contrase帽a3');

INSERT INTO producto (codigo, nombre_proveedor, nombre, descripci贸n, precio, stock_actual, stock_recomendado, stock_bajo, favorito)
VALUES
   ('P001', 'Proveedor A', 'Aros de Gato de Plata', 'Descripci贸n del producto 1, aros de gato muy bonitos que brillan y todo eso.', 2990, 50, 100, 20, true),
   ('P002', 'Proveedor B', 'Pijama de Gato Invierno', 'Descripci贸n del producto 2, disponibles en S M L XL de algodon.', 11990, 30, 80, 10, false),
   ('P003', 'Proveedor C', 'Pulsera Met谩lica de Gato', 'Descripci贸n del producto 3, te dice la hora, se conecta por bluetooth, es bkn.', 7990, 100, 200, 50, true),
   ('P004', 'Proveedor A', 'Peluche de Gatito', 'Descripci贸n del producto 4, ideal para los ni帽os.', 14990, 20, 50, 5, true),
   ('P005', 'Proveedor B', 'Azucarero de Gato', 'Descripci贸n del producto 5, de loza', 6990, 80, 150, 30, false),
   ('P006', 'Proveedor C', 'Vaso para ni帽o, Gatito', 'Descripci贸n del producto 6, 300 ml, para microondas.', 6000, 60, 120, 15, false),
   ('P007', 'Proveedor A', 'Camisa de Gato Gordo', 'Descripci贸n del producto 7, unisex S M L XL.', 12990, 10, 30, 3, true),
   ('P008', 'Proveedor B', 'Taza de perrito', 'Descripci贸n del producto 8, de loza.', 7990, 40, 100, 20, false),
   ('P009', 'Proveedor C', 'Lentes Estilo Felino', 'Descripci贸n del producto 9, de fantas铆a, sin aumento.', 8990, 70, 180, 40, true),
   ('P010', 'Proveedor A', 'Lapicera Patitas de Gato', 'Descripci贸n del producto 10, disponible en blanco, rosado, negro y amarillo.', 1990, 90, 200, 60, true),
   ('P011', 'Proveedor B', 'Luna, Sailor Moon ', 'Descripci贸n del producto 11. Algod贸n, Tama帽o: 30 CM.', 15990, 30, 80, 10, false),
   ('P012', 'Proveedor C', 'Camisa Ni帽o de Perrito', 'Descripci贸n del producto 12', 8990, 50, 120, 15, false),
   ('P013', 'Proveedor A', 'Agenda Gato Gordo', 'Descripci贸n del producto 13, 400 p谩ginas, anillado.', 10990, 10, 30, 3, true),
   ('P014', 'Proveedor B', 'Peluche Perrito', 'Descripci贸n del producto 14', 14990, 60, 150, 30, false),
   ('P015', 'Proveedor C', 'Producto 15', 'Descripci贸n del producto 15', 80, 40, 100, 20, false),
   ('P016', 'Proveedor A', 'Mate de gatito ', 'Descripci贸n del producto 16, 500 ml, met谩lico.', 14990, 80, 180, 40, true),
   ('P017', 'Proveedor B', 'Aros de Gatito', 'Descripci贸n del producto 17, acero inoxidable.', 3990, 70, 200, 60, true),
   ('P018', 'Proveedor C', 'Producto 18', 'Descripci贸n del producto 18', 95, 30, 80, 10, false),
   ('P019', 'Proveedor A', 'Producto 19', 'Descripci贸n del producto 19', 100, 50, 120, 15, false),
   ('P020', NULL, 'Producto 20', 'Descripci贸n del producto 20', 80, 100, 50, 30, false),
   ('P021', 'Proveedor D', 'Producto 21', 'Descripci贸n del producto 21', 80, 20, 50, 30, false);
   
INSERT INTO corresponde (codigo_producto, nombre_categoria)
VALUES
   ('P001', 'Joyer铆a'),
   ('P002', 'Ropa'),
   ('P002', 'Regalos'),
   ('P003', 'Accesorios'),
   ('P003', 'Regalos'),
   ('P004', 'Peluches'),
   ('P005', 'Vasos'),
   ('P005', 'Regalos'),
   ('P006', 'Vasos'),
   ('P007', 'Ropa'),
   ('P008', 'Vasos'),
   ('P009', 'Accesorios'),
   ('P010', 'Papeler铆a'),
   ('P010', 'Regalos'),
   ('P011', 'Peluches'),
   ('P012', 'Ropa'),
   ('P013', 'Papeler铆a'),
   ('P014', 'Peluches');

SELECT * FROM categoria

SELECT * FROM producto
WHERE favorito=true

SELECT producto.codigo, nombre_proveedor, nombre, descripci贸n, precio FROM producto
INNER JOIN corresponde ON producto.codigo = corresponde.codigo_producto
WHERE corresponde.nombre_categoria = 'Ropa'

SELECT id_producto, nombre_producto, stock_actual, stock_recomendado FROM producto

SELECT id_producto, nombre_producto, stock_actual, stock_recomendado FROM producto
WHERE stock_actual > stock_recomendado

SELECT id_producto, nombre_producto, stock_actual, stock_recomendado FROM producto
WHERE stock_actual < stock_recomendado AND stock_actual > stock_bajo

SELECT id_producto, nombre_producto, stock_actual, stock_recomendado FROM producto
WHERE stock_actual < stock_bajo

SELECT nombre_proveedor FROM proveedor

SELECT id_lote, nombre_proveedor, fecha_pedido, fecha_llegada, fecha_llegada - current_date from lote
ORDER BY fecha_llegada

SELECT id_lote, nombre_proveedor, fecha_pedido, fecha_llegada, fecha_llegada - current_date from lote
WHERE lote.nombre_proveedor IS NULL

SELECT producto.id_producto, nombre_producto, unidades FROM producto
INNER JOIN contiene ON producto.id_producto = contiene.id_producto
WHERE contiene.id_lote = 'L001'


 
